{"cameraMode":{"drawMode":0,"name":"Shaded","section":"Shading Mode"},"sceneLighting":true,"audioPlay":false,"sceneViewState":{"showFog":true,"showMaterialUpdate":false,"showSkybox":true,"showFlares":true,"showImageEffects":true,"showParticleSystems":true,"showVisualEffectGraphs":true,"m_FxEnabled":true},"in2DMode":false,"pivot":{"x":2.6881415843963625,"y":-10.394539833068848,"z":40.210350036621097},"rotation":{"x":0.026123160496354104,"y":0.9058871865272522,"z":-0.41966816782951357,"w":0.05715887248516083},"size":57.97088623046875,"orthographic":false}