{"cameraMode":{"drawMode":0,"name":"Shaded","section":"Shading Mode"},"sceneLighting":true,"audioPlay":false,"sceneViewState":{"showFog":true,"showMaterialUpdate":false,"showSkybox":true,"showFlares":true,"showImageEffects":true,"showParticleSystems":true,"showVisualEffectGraphs":true,"m_FxEnabled":true},"in2DMode":false,"pivot":{"x":33.90488052368164,"y":12.285512924194336,"z":32.96682357788086},"rotation":{"x":-0.011267323046922684,"y":0.7807576656341553,"z":0.013644348829984665,"w":0.6251592040061951},"size":13.81488037109375,"orthographic":false}