{"cameraMode":{"drawMode":0,"name":"Shaded","section":"Shading Mode"},"sceneLighting":false,"audioPlay":false,"sceneViewState":{"showFog":true,"showMaterialUpdate":false,"showSkybox":true,"showFlares":true,"showImageEffects":true,"showParticleSystems":true,"showVisualEffectGraphs":true,"m_FxEnabled":true},"in2DMode":false,"pivot":{"x":30.216175079345704,"y":5.6666178703308109,"z":30.6242618560791},"rotation":{"x":-0.2787049114704132,"y":0.016895560547709466,"z":-0.0026785852387547495,"w":-0.9607281684875488},"size":14.153252601623536,"orthographic":false}