{"cameraMode":{"drawMode":0,"name":"Shaded","section":"Shading Mode"},"sceneLighting":true,"audioPlay":false,"sceneViewState":{"showFog":true,"showMaterialUpdate":false,"showSkybox":true,"showFlares":true,"showImageEffects":true,"showParticleSystems":true,"showVisualEffectGraphs":true,"m_FxEnabled":true},"in2DMode":false,"pivot":{"x":26.705337524414064,"y":13.020771026611329,"z":29.98552894592285},"rotation":{"x":-0.00154726707842201,"y":0.9963105916976929,"z":-0.013732033781707287,"w":-0.08854646235704422},"size":25.633258819580079,"orthographic":false}