{"cameraMode":{"drawMode":0,"name":"Shaded","section":"Shading Mode"},"sceneLighting":true,"audioPlay":false,"sceneViewState":{"showFog":true,"showMaterialUpdate":false,"showSkybox":true,"showFlares":true,"showImageEffects":true,"showParticleSystems":true,"showVisualEffectGraphs":true,"m_FxEnabled":true},"in2DMode":false,"pivot":{"x":40.612125396728519,"y":3.1737539768218996,"z":32.185855865478519},"rotation":{"x":-0.29351359605789187,"y":-0.07680825889110565,"z":0.02401268295943737,"w":-0.9529491066932678},"size":7.7941203117370609,"orthographic":false}